experiment,DV_type,mean_reference,mean_comaprison,t,df,p,cohens_d,cohens_d_ci_lower,cohens_d_ci_upper,bf10,reportable_result
4,IAT_D2_score,0.18313747428763535,0.17056253316799086,0.31416208081558344,336.0954561134785,0.7535928545942535,0.034105050196434415,-0.1792955837633156,0.24750568415618446,0.12552927624405794,"M = 0.18, M = 0.17, t(336.1) = 0.31, p = .7536, d = 0.03, 95% CI [-0.18, 0.25], BF10 = 0.1"
4,self_reported_rating,-0.24317365269461078,-0.2679190751445087,0.11550227946981553,337.16405569016536,0.9081157720708002,0.01253312509810579,-0.20085409600023751,0.22592034619644907,0.12048045268480159,"M = -0.24, M = -0.27, t(337.16) = 0.12, p = .9081, d = 0.01, 95% CI [-0.2, 0.23], BF10 = 0.1"
