experiment,DV_type,mean_reference,mean_comaprison,t,df,p,cohens_d,cohens_d_ci_lower,cohens_d_ci_upper,bf10,reportable_result
5,IAT_D2_score,-0.029429275256491704,0.40387237816294635,-10.641681708647365,210.26791431751846,1.957390955139773e-21,-1.4437358510341514,-1.7425927247376944,-1.1448789773306083,3210223667683276300,"M = -0.03, M = 0.4, t(210.27) = -10.64, p < .0001, d = -1.44, 95% CI [-1.74, -1.14], BF10 = 3210223667683276288"
5,self_reported_rating,-1.6470873786407767,1.3588034188034188,-17.011373941482212,210.9020525684996,1.9855352099925778e-41,-2.3066620288371493,-2.6500083965234085,-1.96331566115089,30848959450159723e22,"M = -1.65, M = 1.36, t(210.9) = -17.01, p < .0001, d = -2.31, 95% CI [-2.65, -1.96], BF10 = 3.08489594501597e+38"
