experiment,DV_type,mean_reference,mean_comaprison,t,df,p,cohens_d,cohens_d_ci_lower,cohens_d_ci_upper,bf10,reportable_result
6,IAT_D2_score,0.22991634629854263,0.2398339703248542,-0.1993897756899725,214.9716414567285,0.842146326339763,-0.02704194461652179,-0.29473366185642924,0.24064977262338563,0.15091002486116042,"M = 0.23, M = 0.24, t(214.97) = -0.2, p = .8421, d = -0.03, 95% CI [-0.29, 0.24], BF10 = 0.2"
6,self_reported_rating,-0.012072072072072075,-0.0659433962264151,0.1948224818007436,213.32258188686833,0.8457173414007974,0.026375538720902772,-0.2413155833128956,0.2940666607547011,0.15077299799188323,"M = -0.01, M = -0.07, t(213.32) = 0.19, p = .8457, d = 0.03, 95% CI [-0.24, 0.29], BF10 = 0.2"
